compound,delta_H_pred,delta_H_std
KW__s3,3.963086111111111,5.545083415904952
CsRe__s8,1.517758333333333,5.521752518484826
CsRe__s3,1.465425,5.519984251472519
KW__s2,3.934236111111111,5.517984663998434
CsRe__s4,1.4878916666666664,5.51759448993794
CsRe__s2,1.4879916666666666,5.514372587495957
KW__s9,3.934752777777777,5.514322157605833
CsRe__s9,1.487558333333333,5.512583130625804
KW__s6,3.937019444444444,5.512494369535351
CsRe__s6,1.489825,5.511761246326316
